<?xml version="1.0" encoding="UTF-8"?>
<project-private xmlns="http://www.netbeans.org/ns/project-private/1">
    <editor-bookmarks xmlns="http://www.netbeans.org/ns/editor-bookmarks/2" lastBookmarkId="0"/>
    <open-files xmlns="http://www.netbeans.org/ns/projectui-open-files/2">
        <group>
            <file>file:/C:/Users/Mzukisi/Desktop/2024%20Academic%20year/Programming%201A/Assignment/Part%201/Mzukisi_Tekeni_ST10345918_Part1/src/mzukisi_tekeni_st10345918_part1/Account.java</file>
            <file>file:/C:/Users/Mzukisi/Desktop/2024%20Academic%20year/Programming%201A/Assignment/Part%201/Mzukisi_Tekeni_ST10345918_Part1/src/mzukisi_tekeni_st10345918_part1/Login.java</file>
        </group>
    </open-files>
</project-private>
