<?xml version="1.0" encoding="UTF-8"?>
<project-private xmlns="http://www.netbeans.org/ns/project-private/1">
    <editor-bookmarks xmlns="http://www.netbeans.org/ns/editor-bookmarks/2" lastBookmarkId="0"/>
    <open-files xmlns="http://www.netbeans.org/ns/projectui-open-files/2">
        <group>
            <file>file:/C:/Users/Mzukisi/Desktop/2024%20Academic%20year/Programming%201A/Assignment/Part%203/POE_Part3/src/POE_PART3/Task.java</file>
            <file>file:/C:/Users/Mzukisi/Desktop/2024%20Academic%20year/Programming%201A/Assignment/Part%203/POE_Part3/src/POE_PART3/Developer.java</file>
            <file>file:/C:/Users/Mzukisi/Desktop/2024%20Academic%20year/Programming%201A/Assignment/Part%203/POE_Part3/src/POE_PART3/Account.java</file>
            <file>file:/C:/Users/Mzukisi/Desktop/2024%20Academic%20year/Programming%201A/Assignment/Part%203/POE_Part3/src/POE_PART3/Login.java</file>
        </group>
    </open-files>
</project-private>
